Designator,Footprint,Quantity,Value,LCSC Part #
"C1, C18, C19, C20, C21, C22",0402,6,0.1uf,
C10,0402,1,0.1uf,C1525
C11,0603,1,150pf,C1594
C12,0603,1,1500pf,C1595
C13,1206,1,100uf,C15008
"C14, C7",0402,2,6.8nF,
C15,0805,1,10uf,
C17,0402,1,1uf,
"C26, C27",0402,2,18pf,
C3,CP_Elec_8x10.5,1,330 uf,
C6,0603,1,0.1uf,C14663
C8,0402,1,0.01uf,C15195
C9,1206,1,4.7uf,C29823
"D1, D14, D2, D3, D4, D5, D6, D7",0805,8,LED,C2297
"D10, D15, D16, D17",D_SOD-323,4,1N4148WS,C2128
D11,D_SOD-323_HandSoldering,1,4V7,
D12,D_SOD-323_HandSoldering,1,4V3,
D13,D_SOD-323_HandSoldering,1,13V,
"D23, D24, D25, D26, D27, D28, D29",0805,7,LED,C84256
F1,Fuseholder_Cylinder-5x20mm_Schurter_0031_8201_Horizontal_Open,1,Fuse,
J17,Altech_AK100_1x04_P5.00mm,1,Screw_Terminal,
J18,USB_C_Receptacle_Palconn_UTC16-G,1,USB_C_Receptacle,
J9,RJ45_Hanrun_HR911105A_Horizontal,1,RJ45_Hanrun_HR911105A_Horizontal,
L2,L_Changjiang_FXL0630,1,15uh/3A,C5189959
L3,0603,1,BLM18PG121SN1D,C14709
"Q1, Q11, Q12, Q13, Q16, Q17, Q18, Q2, Q21, Q22, Q23, Q26, Q27, Q28, Q3, Q32, Q39, Q40, Q41, Q6, Q7, Q8",SOT-23,22,BC858B,C8542
"Q10, Q14, Q15, Q19, Q20, Q24, Q25, Q29, Q30, Q31, Q33, Q34, Q35, Q36, Q37, Q38, Q4, Q42, Q43, Q5, Q53, Q54, Q9",SOT-23,23,BC848C,C2146
"Q46, Q47, Q48, Q49, Q50, Q51, Q52",SOT-223-3_TabPin2,7,BT134W,C2831689
"R1, R16, R25, R33, R41, R68, R9",0603,7,33k,C4216
"R10, R17, R2, R26, R34, R42, R54, R69",0603,8,100,C22775
"R100, R101, R102, R103, R104, R105, R52, R85, R99",0603,9,330,C23138
"R106, R107, R108, R109, R110, R111, R112, R23, R24, R32, R40, R48, R75, R8",0603,14,51,C23197
"R11, R18, R27, R3, R35, R43, R70",0603,7,33,C23140
"R113, R114, R115, R116, R117, R97, R98",0805,7,330,
"R118, R119, R120, R121, R123, R124",0402,6,49R9,
"R12, R19, R28, R36, R4, R44, R71",0603,7,20k,C4184
R122,0402,1,10R,
R125,0402,1,12.4K,
"R13, R20, R29, R37, R45, R5, R50, R58, R59, R61, R63, R65, R67, R72, R90, R91, R92, R93, R94, R95",0603,20,10k,C25804
"R14, R21, R30, R38, R46, R49, R51, R56, R57, R6, R60, R62, R64, R66, R73",0603,15,1k,C21190
"R15, R22, R31, R39, R47, R7, R74, R83, R84",0603,9,4k7,C23162
R53,0603,1,220,C22962
R55,0603,1,1.5k,C22843
"R86, R87",0402,2,5.1K,C25905
R88,0603,1,549,C23204
R89,0603,1,3.9K,C23018
R96,0603,1,2K,C22975
SW1,SW-SMD_L3.9-W3.0-P4.45,1,Boot,C720477
SW2,SW-SMD_L3.9-W3.0-P4.45,1,Reset,C720477
U1,SOIC-16_3.9x9.9mm_P1.27mm,1,CH340C,C84681
"U10, U11, U12, U13, U7, U8, U9",SMDIP-6_W9.53mm,7,MOC3023S-TA1,C115469
U3,LQFP-48_7x7mm_P0.5mm,1,W5500,C32843
U6,TI_SO-PowerPAD-8,1,TPS5430DDA,C9864
