Designator,Mid X,Mid Y,Rotation,Layer
C1,13.834244,-55.869031,270.0,top
C10,106.184244,-57.419031,90.0,top
C11,109.643497,-56.791691,180.0,top
C12,104.244741,-58.259665,0.0,top
C13,104.584244,-60.219031,180.0,top
C14,-1.515756,-77.359031,0.0,top
C15,4.384244,-85.759031,0.0,top
C17,-1.515756,-79.329031,0.0,top
C18,-1.515756,-81.299031,0.0,top
C19,-1.515756,-83.269031,0.0,top
C20,1.354244,-75.389031,0.0,top
C21,1.354244,-77.359031,0.0,top
C22,1.354244,-79.329031,0.0,top
C26,1.354244,-81.299031,0.0,top
C27,1.354244,-83.269031,0.0,top
C3,171.234244,-47.369031,180.0,top
C6,50.651827,-30.419004,270.0,top
C7,-1.515756,-75.389031,0.0,top
C8,107.284244,-49.719031,90.0,top
C9,115.284244,-53.644031,90.0,top
D1,78.347295,-38.469031,0.0,top
D10,183.524244,-23.773526,180.0,top
D11,183.699244,-29.773526,0.0,top
D12,187.881744,-29.773526,180.0,top
D13,187.881744,-31.773526,0.0,top
D14,187.728129,-49.3,180.0,top
D15,187.924244,-23.773526,0.0,top
D16,183.524244,-25.773526,0.0,top
D17,187.924244,-25.773526,180.0,top
D2,93.347295,-38.469031,0.0,top
D23,33.8,-70.4,90.0,top
D24,73.984244,-70.469031,90.0,top
D25,129.384244,-70.469031,90.0,top
D26,106.784244,-70.269031,90.0,top
D27,151.984244,-70.469031,90.0,top
D28,174.734244,-70.469031,90.0,top
D29,197.184244,-70.269031,90.0,top
D3,108.347295,-38.469031,0.0,top
D4,123.347295,-38.469031,0.0,top
D5,138.347295,-38.469031,0.0,top
D6,153.347295,-38.469031,0.0,top
D7,168.347295,-38.469031,0.0,top
F1,221.25,-81.0,0.0,top
J17,237.234244,-43.369031,90.0,top
J18,24.834244,-20.044031,180.0,top
J9,64.334244,-24.519031,180.0,top
L2,102.484244,-51.619031,270.0,top
L3,-0.945756,-88.519031,0.0,top
Q1,78.111744,-25.969031,0.0,top
Q10,108.104244,-35.79894,0.0,top
Q11,93.111744,-25.969031,0.0,top
Q12,97.144244,-25.973721,180.0,top
Q13,93.104244,-32.39894,0.0,top
Q14,97.144244,-32.395331,0.0,top
Q15,93.104244,-35.79894,0.0,top
Q16,123.111744,-25.969031,0.0,top
Q17,127.144244,-25.973721,180.0,top
Q18,123.104244,-32.39894,0.0,top
Q19,127.144244,-32.395331,0.0,top
Q2,82.144244,-25.973721,180.0,top
Q20,123.104244,-35.79894,0.0,top
Q21,138.111744,-25.969031,0.0,top
Q22,142.144244,-25.973721,180.0,top
Q23,138.104244,-32.39894,0.0,top
Q24,142.144244,-32.395331,0.0,top
Q25,138.104244,-35.79894,0.0,top
Q26,153.111744,-25.969031,0.0,top
Q27,157.144244,-25.973721,180.0,top
Q28,153.104244,-32.39894,0.0,top
Q29,157.144244,-32.395331,0.0,top
Q3,78.104244,-32.39894,0.0,top
Q30,153.104244,-35.79894,0.0,top
Q31,76.709812,-70.535298,90.0,top
Q32,183.779244,-32.523526,0.0,top
Q33,36.525568,-70.466267,90.0,top
Q34,132.109812,-70.535298,90.0,top
Q35,109.509812,-70.335298,90.0,top
Q36,154.709812,-70.535298,90.0,top
Q37,177.459812,-70.535298,90.0,top
Q38,199.909812,-70.335298,90.0,top
Q39,168.111744,-25.969031,0.0,top
Q4,82.144244,-32.395331,0.0,top
Q40,172.144244,-25.973721,180.0,top
Q41,168.104244,-32.39894,0.0,top
Q42,172.144244,-32.395331,0.0,top
Q43,168.104244,-35.79894,0.0,top
Q46,24.85,-81.1,0.0,top
Q47,65.034244,-81.169031,0.0,top
Q48,120.434244,-81.169031,0.0,top
Q49,97.834244,-80.969031,0.0,top
Q5,78.104244,-35.79894,0.0,top
Q50,143.034244,-81.169031,0.0,top
Q51,165.784244,-81.169031,0.0,top
Q52,188.234244,-80.969031,0.0,top
Q53,41.884385,-30.857597,90.0,top
Q54,48.229244,-30.857597,90.0,top
Q6,108.111744,-25.969031,0.0,top
Q7,112.144244,-25.973721,180.0,top
Q8,108.104244,-32.39894,0.0,top
Q9,112.144244,-32.395331,0.0,top
R1,79.374244,-23.469031,0.0,top
R10,108.174244,-28.469031,0.0,top
R100,80.134244,-70.769031,0.0,top
R101,136.209244,-70.769031,0.0,top
R102,113.409244,-70.969031,0.0,top
R103,158.409244,-70.969031,0.0,top
R104,181.109244,-70.869031,0.0,top
R105,203.659244,-70.469031,0.0,top
R106,34.544244,-67.569031,0.0,top
R107,74.544244,-67.869031,0.0,top
R108,130.344244,-67.469031,0.0,top
R109,107.834244,-67.469031,0.0,top
R11,108.174244,-29.969031,180.0,top
R110,152.924244,-67.469031,0.0,top
R111,175.624244,-67.469031,0.0,top
R112,197.924244,-67.269031,0.0,top
R113,126.418488,-79.838062,90.0,top
R114,103.818488,-79.638062,90.0,top
R115,149.018488,-79.838062,90.0,top
R116,171.768488,-79.838062,90.0,top
R117,194.218488,-79.638062,90.0,top
R118,-4.275756,-75.269031,0.0,top
R119,-4.405756,-77.389031,0.0,top
R12,112.074244,-28.469031,180.0,top
R120,-4.405756,-79.379031,0.0,top
R121,-4.405756,-81.369031,0.0,top
R122,-4.405756,-83.359031,0.0,top
R123,-4.405756,-85.349031,0.0,top
R124,-4.405756,-87.339031,0.0,top
R125,-4.405756,-89.329031,0.0,top
R13,112.074244,-29.969031,180.0,top
R14,111.734244,-36.345331,180.0,top
R15,111.734244,-34.845331,180.0,top
R16,94.374244,-23.469031,0.0,top
R17,93.174244,-28.469031,0.0,top
R18,93.174244,-29.969031,180.0,top
R19,97.074244,-28.469031,180.0,top
R2,78.174244,-28.469031,0.0,top
R20,97.074244,-29.969031,180.0,top
R21,96.734244,-36.345331,180.0,top
R22,96.734244,-34.845331,180.0,top
R23,96.734244,-37.845331,0.0,top
R24,111.734244,-37.845331,0.0,top
R25,124.374244,-23.469031,0.0,top
R26,123.174244,-28.469031,0.0,top
R27,123.174244,-29.969031,180.0,top
R28,127.074244,-28.469031,180.0,top
R29,127.074244,-29.969031,180.0,top
R3,78.174244,-29.969031,180.0,top
R30,126.734244,-36.345331,180.0,top
R31,126.734244,-34.845331,180.0,top
R32,126.734244,-37.845331,0.0,top
R33,139.374244,-23.469031,0.0,top
R34,138.174244,-28.469031,0.0,top
R35,138.174244,-29.969031,180.0,top
R36,142.074244,-28.469031,180.0,top
R37,142.074244,-29.969031,180.0,top
R38,141.734244,-36.345331,180.0,top
R39,141.734244,-34.845331,180.0,top
R4,82.074244,-28.469031,180.0,top
R40,141.734244,-37.845331,0.0,top
R41,154.374244,-23.469031,0.0,top
R42,153.174244,-28.469031,0.0,top
R43,153.174244,-29.969031,180.0,top
R44,157.074244,-28.469031,180.0,top
R45,157.074244,-29.969031,180.0,top
R46,156.734244,-36.345331,180.0,top
R47,156.734244,-34.845331,180.0,top
R48,156.734244,-37.845331,0.0,top
R49,82.584244,-67.669031,180.0,top
R5,82.074244,-29.969031,180.0,top
R50,78.784244,-67.669031,180.0,top
R51,137.984244,-67.669031,180.0,top
R52,187.761744,-27.773526,0.0,top
R53,183.824244,-27.773526,0.0,top
R54,187.761744,-33.773526,180.0,top
R55,183.824244,-47.273526,180.0,top
R56,183.854244,-49.273526,180.0,top
R57,42.4,-67.6,180.0,top
R58,38.6,-67.6,180.0,top
R59,134.184244,-67.669031,180.0,top
R6,81.734244,-36.345331,180.0,top
R60,115.384244,-67.469031,180.0,top
R61,111.584244,-67.469031,180.0,top
R62,160.584244,-67.669031,180.0,top
R63,156.784244,-67.669031,180.0,top
R64,183.334244,-67.669031,180.0,top
R65,179.534244,-67.669031,180.0,top
R66,205.784244,-67.469031,180.0,top
R67,201.984244,-67.469031,180.0,top
R68,169.374244,-23.469031,0.0,top
R69,168.174244,-28.469031,0.0,top
R7,81.734244,-34.845331,180.0,top
R70,168.174244,-29.969031,180.0,top
R71,172.074244,-28.469031,180.0,top
R72,172.074244,-29.969031,180.0,top
R73,171.734244,-36.345331,180.0,top
R74,171.734244,-34.845331,180.0,top
R75,171.734244,-37.845331,0.0,top
R8,81.734244,-37.845331,0.0,top
R83,34.934244,-50.869031,0.0,top
R84,28.034244,-55.469031,0.0,top
R85,187.766767,-47.287367,0.0,top
R86,26.634244,-24.169031,180.0,top
R87,22.534244,-24.169031,0.0,top
R88,108.379244,-59.744031,0.0,top
R89,107.434881,-57.539547,270.0,top
R9,109.374244,-23.469031,0.0,top
R90,104.24725,-56.798958,180.0,top
R91,15.134244,-56.394031,90.0,top
R92,17.634244,-23.969031,270.0,top
R93,45.056814,-31.344031,180.0,top
R94,45.056814,-29.844031,0.0,top
R95,31.934244,-23.969031,270.0,top
R96,109.649739,-58.248043,0.0,top
R97,30.834244,-79.769031,90.0,top
R98,71.018488,-79.838062,90.0,top
R99,39.859244,-70.769031,0.0,top
SW1,17.634244,-19.169031,90.0,top
SW2,31.934244,-19.269031,90.0,top
U1,45.829244,-25.244031,180.0,top
U10,109.584244,-78.269031,270.0,top
U11,154.784244,-78.469031,270.0,top
U12,177.534244,-78.469031,270.0,top
U13,199.984244,-78.269031,270.0,top
U3,63.784244,-41.369031,180.0,top
U6,110.081744,-53.369031,0.0,top
U7,36.6,-78.4,270.0,top
U8,76.784244,-78.469031,270.0,top
U9,132.184244,-78.469031,270.0,top
