Comment,Designator,Footprint,LCSC,Quantity
0.01uf,C8,C_0402_1005Metric,C15195,1
0.1uf,"C18,C19,C20,C21,C22",C_0402_1005Metric,C141382,5
0.1uf,C6,C_0603_1608Metric,C14663,1
0.1uf,C10,C_0402_1005Metric,C1525,1
0.1uf,C1,C_0402_1005Metric,C307331,1
1.5k,R55,R_0603_1608Metric,C22843,1
100,"R10,R17,R2,R26,R34,R42,R54,R69",R_0603_1608Metric,C22775,8
100uf,C13,C_1206_3216Metric,C15008,1
10K,"R90,R91,R92,R95",R_0603_1608Metric,C25804,4
10R,R122,R_0402_1005Metric,C25077,1
10k,"R13,R20,R29,R37,R45,R5,R50,R58,R59,R61,R63,R65,R67,R72,R93,R94",R_0603_1608Metric,C25804,16
10nf,"C15,C17,C24",C_0402_1005Metric,C15195,3
10uf/16v,C23,CP_EIA-3216-18_Kemet-A,C7171,1
12.4K,R125,R_0402_1005Metric,C11692,1
1500pf,C12,C_0603_1608Metric,C1595,1
150pf,C11,C_0603_1608Metric,C1594,1
15uh/3A,L2,L_Changjiang_FXL0630,C5189959,1
18pf,"C26,C27",C_0402_1005Metric,C1549,2
1M,R126,R_0402_1005Metric,C26083,1
1N4148WS,"D10,D15,D16,D17,D18,D19,D20,D21,D22,D8,D9",D_SOD-323,C2128,11
1k,"R14,R21,R30,R38,R46,R49,R51,R56,R57,R6,R60,R62,R64,R66,R73",R_0603_1608Metric,C21190,15
1uf,C5,C_0603_1608Metric,C15849,1
20k,"R12,R19,R28,R36,R4,R44,R71",R_0603_1608Metric,C4184,7
220,R53,R_0603_1608Metric,C22962,1
22nf,C16,C_0402_1005Metric,C1532,1
22uf,C2,C_0603_1608Metric,C59461,1
25MH,Y1,Crystal_SMD_TXC_7M-4Pin_3.2x2.5mm,C9006,1
2K,R96,R_0603_1608Metric,C22975,1
3.9K,R89,R_0603_1608Metric,C23018,1
33,"R11,R18,R27,R3,R35,R43,R70",R_0603_1608Metric,C23140,7
330,"R52,R85",R_0603_1608Metric,C23138,2
330,"R123,R124",R_0402_1005Metric,C25104,2
33k,"R1,R16,R25,R33,R41,R68,R9",R_0603_1608Metric,C4216,7
4.7uf,C25,C_0402_1005Metric,C23733,1
4.7uf,C9,C_1206_3216Metric,C29823,1
49R9,"R118,R119,R120,R121",R_0402_1005Metric,C25120,4
4k7,"R15,R22,R31,R39,R47,R7,R74,R83,R84",R_0603_1608Metric,C23162,9
5.1K,"R86,R87",R_0402_1005Metric,C25905,2
51,"R23,R24,R32,R40,R48,R75,R8",R_0603_1608Metric,C23197,7
549,R88,R_0603_1608Metric,C23204,1
6.8nF,"C14,C7",C_0402_1005Metric,C1542,2
BC848C,"Q10,Q14,Q15,Q19,Q20,Q24,Q25,Q29,Q30,Q31,Q33,Q34,Q35,Q36,Q37,Q38,Q4,Q42,Q43,Q5,Q53,Q54,Q9",SOT-23,C2146,23
BC858B,"Q1,Q11,Q12,Q13,Q16,Q17,Q18,Q2,Q21,Q22,Q23,Q26,Q27,Q28,Q3,Q32,Q39,Q40,Q41,Q6,Q7,Q8",SOT-23,C8542,22
BLM18PG121SN1D,L3,L_0603_1608Metric,C14709,1
Boot,SW1,SW-SMD_L3.9-W3.0-P4.45,C720477,1
CH340C,U1,SOIC-16_3.9x9.9mm_P1.27mm,C84681,1
G5NB-1A-E-24VDC,"J19,J20,J21,J22,J23,J25,J26",RELAY-TH_G5NB-1A-E-24VDC,C34758,7
LED,"D1,D14,D2,D3,D4,D5,D6,D7",LED_0805_2012Metric,C2297,8
MRBS340,D32,D_SMC,C16237,1
RJ45_Hanrun_HR911105A_Horizontal,J9,RJ45_Hanrun_HR911105A_Horizontal,C12074,1
Reset,SW2,SW-SMD_L3.9-W3.0-P4.45,C720477,1
TPS5430DDA,U6,TI_SO-PowerPAD-8,C9864,1
USB_C_Receptacle,J18,USB_C_Receptacle_Palconn_UTC16-G,C2765186,1
W5500,U3,LQFP-48_7x7mm_P0.5mm,C32843,1
Conn_01x02,J5,"PhoenixContact_MSTBA_2,5_2-G-5,08_1x02_P5.08mm_Horizontal",,1
Conn_01x02,J2,"PhoenixContact_MSTBA_2,5_2-G-5,08_1x02_P5.08mm_Horizontal",,1
Fuse,F1,Fuseholder_Cylinder-5x20mm_Schurter_0031_8201_Horizontal_Open,,1
Conn_01x02,J8,"PhoenixContact_MSTBA_2,5_2-G-5,08_1x02_P5.08mm_Horizontal",,1
Screw_Terminal,J17,Altech_AK100_1x04_P5.00mm,,1
4V3,D12,D_SOD-323_HandSoldering,,1
Conn_01x04,J11,"PhoenixContact_MSTBA_2,5_4-G-5,08_1x04_P5.08mm_Horizontal",,1
13V,D13,D_SOD-323_HandSoldering,,1
ESP32-S3-WROOM-1,U4,ESP32-S3-WROOM-1,,1
Conn_01x06,J10,"PhoenixContact_MSTBA_2,5_6-G-5,08_1x06_P5.08mm_Horizontal",,1
4V7,D11,D_SOD-323_HandSoldering,,1
PC817XNNIP1B,Q45,SOP254P960X420-4N,,1
Conn_01x02,J4,"PhoenixContact_MSTBA_2,5_2-G-5,08_1x02_P5.08mm_Horizontal",,1
Conn_01x04,J13,"PhoenixContact_MSTBA_2,5_4-G-5,08_1x04_P5.08mm_Horizontal",,1
MCP23017_SO,U2,SOIC-28W_7.5x17.9mm_P1.27mm,,1
Conn_01x02,J3,"PhoenixContact_MSTBA_2,5_2-G-5,08_1x02_P5.08mm_Horizontal",,1
Conn_01x04,J12,"PhoenixContact_MSTBA_2,5_4-G-5,08_1x04_P5.08mm_Horizontal",,1
Conn_01x02,J24,"PhoenixContact_MSTBA_2,5_2-G-5,08_1x02_P5.08mm_Horizontal",,1
Conn_01x04,J14,"PhoenixContact_MSTBA_2,5_4-G-5,08_1x04_P5.08mm_Horizontal",,1
Conn_01x02,J6,"PhoenixContact_MSTBA_2,5_2-G-5,08_1x02_P5.08mm_Horizontal",,1
Conn_01x04,J15,"PhoenixContact_MSTBA_2,5_4-G-5,08_1x04_P5.08mm_Horizontal",,1
PC817XNNIP1B,Q44,SOP254P960X420-4N,,1
Conn_01x03,J7,"PhoenixContact_MSTBA_2,5_3-G-5,08_1x03_P5.08mm_Horizontal",,1
Conn_01x02,J1,"PhoenixContact_MSTBA_2,5_2-G-5,08_1x02_P5.08mm_Horizontal",,1
Conn_01x08,J16,"PhoenixContact_MSTBA_2,5_8-G-5,08_1x08_P5.08mm_Horizontal",,1
330 uf,C3,CP_Elec_8x10.5,,1
