Designator,Val,Package,Mid X,Mid Y,Rotation,Layer
C1,0.1uf,C_0402_1005Metric,14.134244,-59.694031,180.0,top
C10,0.1uf,C_0402_1005Metric,44.359244,-36.519031,90.0,top
C11,150pf,C_0603_1608Metric,47.818497,-35.891691,180.0,top
C12,1500pf,C_0603_1608Metric,42.419741,-37.359665,0.0,top
C13,100uf,C_1206_3216Metric,42.759244,-39.319031,180.0,top
C14,6.8nF,C_0402_1005Metric,61.934244,-33.919031,180.0,top
C15,10nf,C_0402_1005Metric,62.434244,-35.869031,90.0,top
C16,22nf,C_0402_1005Metric,65.734244,-33.919031,0.0,top
C17,10nf,C_0402_1005Metric,57.204244,-46.606531,180.0,top
C18,0.1uf,C_0402_1005Metric,68.014244,-37.406531,0.0,top
C19,0.1uf,C_0402_1005Metric,57.204244,-44.706531,180.0,top
C2,22uf,C_0603_1608Metric,13.934244,-60.894031,180.0,top
C20,0.1uf,C_0402_1005Metric,57.434244,-38.306531,90.0,top
C21,0.1uf,C_0402_1005Metric,59.334244,-38.306531,90.0,top
C22,0.1uf,C_0402_1005Metric,58.384244,-38.306531,90.0,top
C23,10uf/16v,CP_EIA-3216-18_Kemet-A,57.234244,-48.606531,0.0,top
C24,10nf,C_0402_1005Metric,57.204244,-45.656531,180.0,top
C25,4.7uf,C_0402_1005Metric,57.204244,-43.756531,180.0,top
C26,18pf,C_0402_1005Metric,61.184244,-52.806531,90.0,top
C27,18pf,C_0402_1005Metric,66.384244,-52.806531,-90.0,top
C3,330 uf,CP_Elec_8x10.5,49.509244,-22.444031,0.0,top
C5,1uf,C_0603_1608Metric,13.109244,-37.319031,-90.0,top
C6,0.1uf,C_0603_1608Metric,29.646827,-33.519004,-90.0,top
C7,6.8nF,C_0402_1005Metric,63.814244,-33.919031,180.0,top
C8,0.01uf,C_0402_1005Metric,45.459244,-28.819031,90.0,top
C9,4.7uf,C_1206_3216Metric,53.459244,-32.744031,90.0,top
D1,LED,LED_0805_2012Metric,78.347295,-38.469031,0.0,top
D10,1N4148WS,D_SOD-323,183.524244,-23.773526,180.0,top
D11,4V7,D_SOD-323_HandSoldering,183.699244,-29.773526,0.0,top
D12,4V3,D_SOD-323_HandSoldering,187.881744,-29.773526,180.0,top
D13,13V,D_SOD-323_HandSoldering,187.881744,-31.773526,0.0,top
D14,LED,LED_0805_2012Metric,187.728129,-49.3,180.0,top
D15,1N4148WS,D_SOD-323,187.924244,-23.773526,0.0,top
D16,1N4148WS,D_SOD-323,183.524244,-25.773526,0.0,top
D17,1N4148WS,D_SOD-323,187.924244,-25.773526,180.0,top
D18,1N4148WS,D_SOD-323,92.309244,-69.519031,90.0,top
D19,1N4148WS,D_SOD-323,114.914251,-69.519031,90.0,top
D2,LED,LED_0805_2012Metric,93.347295,-38.469031,0.0,top
D20,1N4148WS,D_SOD-323,137.534244,-69.519031,90.0,top
D21,1N4148WS,D_SOD-323,160.109244,-69.494031,90.0,top
D22,1N4148WS,D_SOD-323,182.709244,-69.519031,90.0,top
D3,LED,LED_0805_2012Metric,108.347295,-38.469031,0.0,top
D32,MRBS340,D_SMC,39.809244,-21.269031,90.0,top
D4,LED,LED_0805_2012Metric,123.347295,-38.469031,0.0,top
D5,LED,LED_0805_2012Metric,138.347295,-38.469031,0.0,top
D6,LED,LED_0805_2012Metric,153.347295,-38.469031,0.0,top
D7,LED,LED_0805_2012Metric,168.347295,-38.469031,0.0,top
D8,1N4148WS,D_SOD-323,16.734244,-69.519031,90.0,top
D9,1N4148WS,D_SOD-323,59.534244,-69.544031,90.0,top
F1,Fuse,Fuseholder_Cylinder-5x20mm_Schurter_0031_8201_Horizontal_Open,221.25,-81.0,0.0,top
H1,MountingHole,MountingHole_3.2mm_M3,11.5,-21.0,0.0,top
H2,MountingHole,MountingHole_3.2mm_M3,235.0,-21.0,0.0,top
H3,MountingHole,MountingHole_3.2mm_M3,11.5,-91.0,0.0,top
H4,MountingHole,MountingHole_3.2mm_M3,235.0,-91.0,0.0,top
J1,Conn_01x02,"PhoenixContact_MSTBA_2,5_2-G-5,08_1x02_P5.08mm_Horizontal",80.774244,-20.151026,180.0,top
J10,Conn_01x06,"PhoenixContact_MSTBA_2,5_6-G-5,08_1x06_P5.08mm_Horizontal",74.7,-89.0,0.0,top
J11,Conn_01x04,"PhoenixContact_MSTBA_2,5_4-G-5,08_1x04_P5.08mm_Horizontal",102.367359,-89.0,0.0,top
J12,Conn_01x04,"PhoenixContact_MSTBA_2,5_4-G-5,08_1x04_P5.08mm_Horizontal",124.979244,-89.0,0.0,top
J13,Conn_01x04,"PhoenixContact_MSTBA_2,5_4-G-5,08_1x04_P5.08mm_Horizontal",147.57,-89.0,0.0,top
J14,Conn_01x04,"PhoenixContact_MSTBA_2,5_4-G-5,08_1x04_P5.08mm_Horizontal",170.17,-89.0,0.0,top
J15,Conn_01x04,"PhoenixContact_MSTBA_2,5_4-G-5,08_1x04_P5.08mm_Horizontal",192.77,-89.0,0.0,top
J16,Conn_01x08,"PhoenixContact_MSTBA_2,5_8-G-5,08_1x08_P5.08mm_Horizontal",36.88,-89.0,0.0,top
J17,Screw_Terminal,Altech_AK100_1x04_P5.00mm,237.234244,-43.369031,90.0,top
J18,USB_C_Receptacle,USB_C_Receptacle_Palconn_UTC16-G,24.834244,-20.044031,180.0,top
J19,G5NB-1A-E-24VDC,RELAY-TH_G5NB-1A-E-24VDC,21.509244,-76.044031,-90.0,top
J2,Conn_01x02,"PhoenixContact_MSTBA_2,5_2-G-5,08_1x02_P5.08mm_Horizontal",95.774244,-20.151026,180.0,top
J20,G5NB-1A-E-24VDC,RELAY-TH_G5NB-1A-E-24VDC,64.309244,-76.069031,-90.0,top
J21,G5NB-1A-E-24VDC,RELAY-TH_G5NB-1A-E-24VDC,97.084244,-76.044031,-90.0,top
J22,G5NB-1A-E-24VDC,RELAY-TH_G5NB-1A-E-24VDC,119.689251,-76.044031,-90.0,top
J23,G5NB-1A-E-24VDC,RELAY-TH_G5NB-1A-E-24VDC,142.309244,-76.044031,-90.0,top
J24,Conn_01x02,"PhoenixContact_MSTBA_2,5_2-G-5,08_1x02_P5.08mm_Horizontal",185.634244,-20.146531,180.0,top
J25,G5NB-1A-E-24VDC,RELAY-TH_G5NB-1A-E-24VDC,164.884244,-76.019031,-90.0,top
J26,G5NB-1A-E-24VDC,RELAY-TH_G5NB-1A-E-24VDC,187.484244,-76.044031,-90.0,top
J3,Conn_01x02,"PhoenixContact_MSTBA_2,5_2-G-5,08_1x02_P5.08mm_Horizontal",110.774244,-20.151026,180.0,top
J4,Conn_01x02,"PhoenixContact_MSTBA_2,5_2-G-5,08_1x02_P5.08mm_Horizontal",125.774244,-20.151026,180.0,top
J5,Conn_01x02,"PhoenixContact_MSTBA_2,5_2-G-5,08_1x02_P5.08mm_Horizontal",140.774244,-20.151026,180.0,top
J6,Conn_01x02,"PhoenixContact_MSTBA_2,5_2-G-5,08_1x02_P5.08mm_Horizontal",155.774244,-20.151026,180.0,top
J7,Conn_01x03,"PhoenixContact_MSTBA_2,5_3-G-5,08_1x03_P5.08mm_Horizontal",215.1,-89.0,0.0,top
J8,Conn_01x02,"PhoenixContact_MSTBA_2,5_2-G-5,08_1x02_P5.08mm_Horizontal",170.774244,-20.151026,180.0,top
J9,RJ45_Hanrun_HR911105A_Horizontal,RJ45_Hanrun_HR911105A_Horizontal,64.334244,-24.519031,180.0,top
L2,15uh/3A,L_Changjiang_FXL0630,40.684244,-30.694031,-90.0,top
L3,BLM18PG121SN1D,L_0603_1608Metric,57.384244,-41.719031,90.0,top
PS1,HLK-20M24,Converter_ACDC_Hi-Link_HLK-20Mxx,213.476744,-45.726531,90.0,top
Q1,BC858B,SOT-23,78.111744,-25.969031,90.0,top
Q10,BC848C,SOT-23,108.104244,-35.79894,90.0,top
Q11,BC858B,SOT-23,93.111744,-25.969031,90.0,top
Q12,BC858B,SOT-23,97.144244,-25.973721,270.0,top
Q13,BC858B,SOT-23,93.104244,-32.39894,90.0,top
Q14,BC848C,SOT-23,97.144244,-32.395331,90.0,top
Q15,BC848C,SOT-23,93.104244,-35.79894,90.0,top
Q16,BC858B,SOT-23,123.111744,-25.969031,90.0,top
Q17,BC858B,SOT-23,127.144244,-25.973721,270.0,top
Q18,BC858B,SOT-23,123.104244,-32.39894,90.0,top
Q19,BC848C,SOT-23,127.144244,-32.395331,90.0,top
Q2,BC858B,SOT-23,82.144244,-25.973721,270.0,top
Q20,BC848C,SOT-23,123.104244,-35.79894,90.0,top
Q21,BC858B,SOT-23,138.111744,-25.969031,90.0,top
Q22,BC858B,SOT-23,142.144244,-25.973721,270.0,top
Q23,BC858B,SOT-23,138.104244,-32.39894,90.0,top
Q24,BC848C,SOT-23,142.144244,-32.395331,90.0,top
Q25,BC848C,SOT-23,138.104244,-35.79894,90.0,top
Q26,BC858B,SOT-23,153.111744,-25.969031,90.0,top
Q27,BC858B,SOT-23,157.144244,-25.973721,270.0,top
Q28,BC858B,SOT-23,153.104244,-32.39894,90.0,top
Q29,BC848C,SOT-23,157.144244,-32.395331,90.0,top
Q3,BC858B,SOT-23,78.104244,-32.39894,90.0,top
Q30,BC848C,SOT-23,153.104244,-35.79894,90.0,top
Q31,BC848C,SOT-23,58.621744,-66.169031,270.0,top
Q32,BC858B,SOT-23,183.779244,-32.523526,90.0,top
Q33,BC848C,SOT-23,15.821744,-66.144031,270.0,top
Q34,BC848C,SOT-23,91.396744,-66.144031,270.0,top
Q35,BC848C,SOT-23,114.001751,-66.144031,270.0,top
Q36,BC848C,SOT-23,136.621744,-66.144031,270.0,top
Q37,BC848C,SOT-23,159.196744,-66.119031,270.0,top
Q38,BC848C,SOT-23,181.796744,-66.144031,270.0,top
Q39,BC858B,SOT-23,168.111744,-25.969031,90.0,top
Q4,BC848C,SOT-23,82.144244,-32.395331,90.0,top
Q40,BC858B,SOT-23,172.144244,-25.973721,270.0,top
Q41,BC858B,SOT-23,168.104244,-32.39894,90.0,top
Q42,BC848C,SOT-23,172.144244,-32.395331,90.0,top
Q43,BC848C,SOT-23,168.104244,-35.79894,90.0,top
Q44,PC817XNNIP1B,SOP254P960X420-4N,188.594244,-40.548526,90.0,top
Q45,PC817XNNIP1B,SOP254P960X420-4N,182.974244,-40.548526,-90.0,top
Q5,BC848C,SOT-23,78.104244,-35.79894,90.0,top
Q53,BC848C,SOT-23,20.879385,-33.957597,180.0,top
Q54,BC848C,SOT-23,27.224244,-33.957597,180.0,top
Q6,BC858B,SOT-23,108.111744,-25.969031,90.0,top
Q7,BC858B,SOT-23,112.144244,-25.973721,270.0,top
Q8,BC858B,SOT-23,108.104244,-32.39894,90.0,top
Q9,BC848C,SOT-23,112.144244,-32.395331,90.0,top
R1,33k,R_0603_1608Metric,79.374244,-23.469031,0.0,top
R10,100,R_0603_1608Metric,108.174244,-28.469031,0.0,top
R11,33,R_0603_1608Metric,108.174244,-29.969031,180.0,top
R118,49R9,R_0402_1005Metric,64.334244,-35.869031,-90.0,top
R119,49R9,R_0402_1005Metric,63.384244,-35.869031,-90.0,top
R12,20k,R_0603_1608Metric,112.074244,-28.469031,180.0,top
R120,49R9,R_0402_1005Metric,67.234244,-35.869031,90.0,top
R121,49R9,R_0402_1005Metric,66.284244,-35.869031,90.0,top
R122,10R,R_0402_1005Metric,65.334244,-35.869031,90.0,top
R123,330,R_0402_1005Metric,61.034244,-49.506531,-90.0,top
R124,330,R_0402_1005Metric,61.984244,-49.506531,-90.0,top
R125,12.4K,R_0402_1005Metric,62.278992,-37.606531,0.0,top
R126,1M,R_0402_1005Metric,63.774244,-50.556531,180.0,top
R13,10k,R_0603_1608Metric,112.074244,-29.969031,180.0,top
R14,1k,R_0603_1608Metric,111.734244,-36.345331,180.0,top
R15,4k7,R_0603_1608Metric,111.734244,-34.845331,180.0,top
R16,33k,R_0603_1608Metric,94.374244,-23.469031,0.0,top
R17,100,R_0603_1608Metric,93.174244,-28.469031,0.0,top
R18,33,R_0603_1608Metric,93.174244,-29.969031,180.0,top
R19,20k,R_0603_1608Metric,97.074244,-28.469031,180.0,top
R2,100,R_0603_1608Metric,78.174244,-28.469031,0.0,top
R20,10k,R_0603_1608Metric,97.074244,-29.969031,180.0,top
R21,1k,R_0603_1608Metric,96.734244,-36.345331,180.0,top
R22,4k7,R_0603_1608Metric,96.734244,-34.845331,180.0,top
R23,51,R_0603_1608Metric,96.734244,-37.845331,0.0,top
R24,51,R_0603_1608Metric,111.734244,-37.845331,0.0,top
R25,33k,R_0603_1608Metric,124.374244,-23.469031,0.0,top
R26,100,R_0603_1608Metric,123.174244,-28.469031,0.0,top
R27,33,R_0603_1608Metric,123.174244,-29.969031,180.0,top
R28,20k,R_0603_1608Metric,127.074244,-28.469031,180.0,top
R29,10k,R_0603_1608Metric,127.074244,-29.969031,180.0,top
R3,33,R_0603_1608Metric,78.174244,-29.969031,180.0,top
R30,1k,R_0603_1608Metric,126.734244,-36.345331,180.0,top
R31,4k7,R_0603_1608Metric,126.734244,-34.845331,180.0,top
R32,51,R_0603_1608Metric,126.734244,-37.845331,0.0,top
R33,33k,R_0603_1608Metric,139.374244,-23.469031,0.0,top
R34,100,R_0603_1608Metric,138.174244,-28.469031,0.0,top
R35,33,R_0603_1608Metric,138.174244,-29.969031,180.0,top
R36,20k,R_0603_1608Metric,142.074244,-28.469031,180.0,top
R37,10k,R_0603_1608Metric,142.074244,-29.969031,180.0,top
R38,1k,R_0603_1608Metric,141.734244,-36.345331,180.0,top
R39,4k7,R_0603_1608Metric,141.734244,-34.845331,180.0,top
R4,20k,R_0603_1608Metric,82.074244,-28.469031,180.0,top
R40,51,R_0603_1608Metric,141.734244,-37.845331,0.0,top
R41,33k,R_0603_1608Metric,154.374244,-23.469031,0.0,top
R42,100,R_0603_1608Metric,153.174244,-28.469031,0.0,top
R43,33,R_0603_1608Metric,153.174244,-29.969031,180.0,top
R44,20k,R_0603_1608Metric,157.074244,-28.469031,180.0,top
R45,10k,R_0603_1608Metric,157.074244,-29.969031,180.0,top
R46,1k,R_0603_1608Metric,156.734244,-36.345331,180.0,top
R47,4k7,R_0603_1608Metric,156.734244,-34.845331,180.0,top
R48,51,R_0603_1608Metric,156.734244,-37.845331,0.0,top
R49,1k,R_0603_1608Metric,56.784244,-63.744031,180.0,top
R5,10k,R_0603_1608Metric,82.074244,-29.969031,180.0,top
R50,10k,R_0603_1608Metric,55.909244,-66.169031,-90.0,top
R51,1k,R_0603_1608Metric,89.559244,-63.719031,180.0,top
R52,330,R_0603_1608Metric,187.761744,-27.773526,0.0,top
R53,220,R_0603_1608Metric,183.824244,-27.773526,0.0,top
R54,100,R_0603_1608Metric,187.761744,-33.773526,180.0,top
R55,1.5k,R_0603_1608Metric,183.824244,-47.273526,180.0,top
R56,1k,R_0603_1608Metric,183.854244,-49.273526,180.0,top
R57,1k,R_0603_1608Metric,13.984244,-63.719031,180.0,top
R58,10k,R_0603_1608Metric,13.109244,-66.144031,-90.0,top
R59,10k,R_0603_1608Metric,88.684244,-66.144031,-90.0,top
R6,1k,R_0603_1608Metric,81.734244,-36.345331,180.0,top
R60,1k,R_0603_1608Metric,112.164251,-63.719031,180.0,top
R61,10k,R_0603_1608Metric,111.289251,-66.144031,-90.0,top
R62,1k,R_0603_1608Metric,134.784244,-63.719031,180.0,top
R63,10k,R_0603_1608Metric,133.909244,-66.144031,-90.0,top
R64,1k,R_0603_1608Metric,157.359244,-63.694031,180.0,top
R65,10k,R_0603_1608Metric,156.484244,-66.119031,-90.0,top
R66,1k,R_0603_1608Metric,179.959244,-63.719031,180.0,top
R67,10k,R_0603_1608Metric,179.084244,-66.144031,-90.0,top
R68,33k,R_0603_1608Metric,169.374244,-23.469031,0.0,top
R69,100,R_0603_1608Metric,168.174244,-28.469031,0.0,top
R7,4k7,R_0603_1608Metric,81.734244,-34.845331,180.0,top
R70,33,R_0603_1608Metric,168.174244,-29.969031,180.0,top
R71,20k,R_0603_1608Metric,172.074244,-28.469031,180.0,top
R72,10k,R_0603_1608Metric,172.074244,-29.969031,180.0,top
R73,1k,R_0603_1608Metric,171.734244,-36.345331,180.0,top
R74,4k7,R_0603_1608Metric,171.734244,-34.845331,180.0,top
R75,51,R_0603_1608Metric,171.734244,-37.845331,0.0,top
R8,51,R_0603_1608Metric,81.734244,-37.845331,0.0,top
R83,4k7,R_0603_1608Metric,19.109244,-60.669031,-90.0,top
R84,4k7,R_0603_1608Metric,17.634244,-60.669031,-90.0,top
R85,330,R_0603_1608Metric,187.766767,-47.287367,0.0,top
R86,5.1K,R_0402_1005Metric,26.634244,-24.169031,180.0,top
R87,5.1K,R_0402_1005Metric,22.584244,-24.169031,0.0,top
R88,549,R_0603_1608Metric,46.554244,-38.844031,0.0,top
R89,3.9K,R_0603_1608Metric,45.609881,-36.639547,-90.0,top
R9,33k,R_0603_1608Metric,109.374244,-23.469031,0.0,top
R90,10K,R_0603_1608Metric,42.42225,-35.898958,180.0,top
R91,10K,R_0603_1608Metric,16.159244,-60.669031,-90.0,top
R92,10K,R_0603_1608Metric,17.634244,-23.969031,-90.0,top
R93,10k,R_0603_1608Metric,24.051814,-34.444031,180.0,top
R94,10k,R_0603_1608Metric,24.051814,-32.944031,0.0,top
R95,10K,R_0603_1608Metric,31.934244,-23.969031,-90.0,top
R96,2K,R_0603_1608Metric,47.824739,-37.348043,0.0,top
SW1,Boot,SW-SMD_L3.9-W3.0-P4.45,17.634244,-19.169031,90.0,top
SW2,Reset,SW-SMD_L3.9-W3.0-P4.45,31.934244,-19.269031,90.0,top
U1,CH340C,SOIC-16_3.9x9.9mm_P1.27mm,24.824244,-28.344031,180.0,top
U2,MCP23017_SO,SOIC-28W_7.5x17.9mm_P1.27mm,135.909244,-55.344031,0.0,top
U3,W5500,LQFP-48_7x7mm_P0.5mm,63.784244,-43.406531,180.0,top
U4,ESP32-S3-WROOM-1,ESP32-S3-WROOM-1,22.819244,-49.409031,90.0,top
U6,TPS5430DDA,TI_SO-PowerPAD-8,48.256744,-32.469031,0.0,top
Y1,25MH,Crystal_SMD_TXC_7M-4Pin_3.2x2.5mm,63.784244,-52.806531,180.0,top
